<?xml version="1.0" encoding="utf-8" ?>
<dwsync>
<file name="class.phpmaileroauth.php" server="ps555846.dreamhostps.com/specialreading.com/" local="131214484380000000" remote="131219868600000000" Dst="2" />
<file name="class.phpmaileroauthgoogle.php" server="ps555846.dreamhostps.com/specialreading.com/" local="131214484380000000" remote="131219868600000000" Dst="2" />
<file name="class.phpmailer.php" server="ps555846.dreamhostps.com/specialreading.com/" local="131214484380000000" remote="131219869200000000" Dst="2" />
<file name="class.pop3.php" server="ps555846.dreamhostps.com/specialreading.com/" local="131214484380000000" remote="131219869200000000" Dst="2" />
<file name="class.smtp.php" server="ps555846.dreamhostps.com/specialreading.com/" local="131214484380000000" remote="131219869200000000" Dst="2" />
<file name="composer.json" server="ps555846.dreamhostps.com/specialreading.com/" local="131214484380000000" remote="131219869200000000" Dst="2" />
<file name="composer.lock" server="ps555846.dreamhostps.com/specialreading.com/" local="131214484380000000" remote="131219869200000000" Dst="2" />
<file name="get_oauth_token.php" server="ps555846.dreamhostps.com/specialreading.com/" local="131214484380000000" remote="131219869200000000" Dst="2" />
<file name="PHPMailerAutoload.php" server="ps555846.dreamhostps.com/specialreading.com/" local="131214484380000000" remote="131219869200000000" Dst="2" />
<file name="LICENSE" server="ps555846.dreamhostps.com/specialreading.com/" local="131214484380000000" remote="131219869200000000" Dst="2" />
<file name="VERSION" server="ps555846.dreamhostps.com/specialreading.com/" local="131214484380000000" remote="131219869200000000" Dst="2" />
</dwsync>